<?xml version="1.0" encoding="UTF-8"?>
<project-private xmlns="http://www.netbeans.org/ns/project-private/1">
    <editor-bookmarks xmlns="http://www.netbeans.org/ns/editor-bookmarks/2" lastBookmarkId="0"/>
    <open-files xmlns="http://www.netbeans.org/ns/projectui-open-files/2">
        <group>
            <file>file:/Users/ahnaffaiz/Documents/NetBeansProjects/SiakadProject/src/entitas/MahasiswaDN.java</file>
            <file>file:/Users/ahnaffaiz/Documents/NetBeansProjects/SiakadProject/src/entitas/PegawaiLN.java</file>
            <file>file:/Users/ahnaffaiz/Documents/NetBeansProjects/SiakadProject/src/entitas/Mahasiswa.java</file>
            <file>file:/Users/ahnaffaiz/Documents/NetBeansProjects/SiakadProject/src/entitas/MahasiswaLN.java</file>
            <file>file:/Users/ahnaffaiz/Documents/NetBeansProjects/SiakadProject/src/main/MainClass.java</file>
            <file>file:/Users/ahnaffaiz/Documents/NetBeansProjects/SiakadProject/src/entitas/Pegawai.java</file>
        </group>
    </open-files>
</project-private>
